{
  "type": "FeatureCollection",
  "generator": "overpass-turbo",
  "copyright": "The data included in this document is from www.openstreetmap.org. The data is made available under ODbL.",
  "timestamp": "2025-07-15T05:15:01Z",
  "features": [
    {
      "type": "Feature",
      "properties": {
        "@id": "relation/17857399",
        "admin_level": "7",
        "boundary": "administrative",
        "is_in:city": "Kota Padang Panjang",
        "is_in:district": "Padang Panjang Timur",
        "is_in:province": "Sumatera Barat",
        "name": "Ngalau",
        "official_name": "Kelurahan Ngalau",
        "place": "subdistrict",
        "type": "boundary"
      },
      "geometry": {
        "type": "Polygon",
        "coordinates": [
          [
            [
              100.4135743,
              -0.4736178
            ],
            [
              100.4135799,
              -0.4736135
            ],
            [
              100.4135892,
              -0.4736091
            ],
            [
              100.4136068,
              -0.4736114
            ],
            [
              100.4136207,
              -0.4736159
            ],
            [
              100.4136379,
              -0.4736232
            ],
            [
              100.4136515,
              -0.4736298
            ],
            [
              100.4136664,
              -0.4736377
            ],
            [
              100.4136797,
              -0.4736448
            ],
            [
              100.4136961,
              -0.4736534
            ],
            [
              100.413709,
              -0.4736612
            ],
            [
              100.4137189,
              -0.4736696
            ],
            [
              100.4137273,
              -0.4736785
            ],
            [
              100.4137346,
              -0.4736875
            ],
            [
              100.4137413,
              -0.4736964
            ],
            [
              100.4137527,
              -0.4737127
            ],
            [
              100.413768,
              -0.4737271
            ],
            [
              100.4137934,
              -0.4737486
            ],
            [
              100.4138585,
              -0.4738037
            ],
            [
              100.4139873,
              -0.4738501
            ],
            [
              100.4140288,
              -0.4738802
            ],
            [
              100.4140414,
              -0.4738893
            ],
            [
              100.4140463,
              -0.4739041
            ],
            [
              100.4140574,
              -0.4739375
            ],
            [
              100.4140658,
              -0.4739584
            ],
            [
              100.4140635,
              -0.4739736
            ],
            [
              100.414059,
              -0.4740049
            ],
            [
              100.4140567,
              -0.4740305
            ],
            [
              100.4140545,
              -0.4740636
            ],
            [
              100.4140518,
              -0.4741032
            ],
            [
              100.4140479,
              -0.474159
            ],
            [
              100.4140422,
              -0.4741985
            ],
            [
              100.4140406,
              -0.4742203
            ],
            [
              100.4140377,
              -0.4742499
            ],
            [
              100.4140298,
              -0.4742892
            ],
            [
              100.4140251,
              -0.4743052
            ],
            [
              100.4140223,
              -0.4743148
            ],
            [
              100.4140072,
              -0.4743589
            ],
            [
              100.4140043,
              -0.4743702
            ],
            [
              100.4140009,
              -0.4743834
            ],
            [
              100.4139977,
              -0.4744007
            ],
            [
              100.4139952,
              -0.4744191
            ],
            [
              100.413993,
              -0.4744341
            ],
            [
              100.4139897,
              -0.4744496
            ],
            [
              100.4139863,
              -0.4744731
            ],
            [
              100.4139691,
              -0.4745715
            ],
            [
              100.4139558,
              -0.4746629
            ],
            [
              100.41395,
              -0.474713
            ],
            [
              100.4139477,
              -0.4747449
            ],
            [
              100.413945,
              -0.4747683
            ],
            [
              100.4139449,
              -0.4747709
            ],
            [
              100.4139416,
              -0.4748343
            ],
            [
              100.4139409,
              -0.4749081
            ],
            [
              100.4139414,
              -0.4749417
            ],
            [
              100.4139442,
              -0.4749674
            ],
            [
              100.413948,
              -0.4749826
            ],
            [
              100.4139507,
              -0.4749909
            ],
            [
              100.4139601,
              -0.4750123
            ],
            [
              100.4139661,
              -0.475026
            ],
            [
              100.4139705,
              -0.4750386
            ],
            [
              100.4139729,
              -0.4750496
            ],
            [
              100.4139762,
              -0.4750653
            ],
            [
              100.4139797,
              -0.4750803
            ],
            [
              100.4139926,
              -0.4751132
            ],
            [
              100.4140004,
              -0.4751284
            ],
            [
              100.4140018,
              -0.4751312
            ],
            [
              100.4140077,
              -0.4751418
            ],
            [
              100.414027,
              -0.4751729
            ],
            [
              100.4140336,
              -0.4751819
            ],
            [
              100.4140389,
              -0.4751863
            ],
            [
              100.4140945,
              -0.4752053
            ],
            [
              100.4141175,
              -0.4752112
            ],
            [
              100.4141699,
              -0.4752208
            ],
            [
              100.4141919,
              -0.4752269
            ],
            [
              100.4142372,
              -0.4752457
            ],
            [
              100.4142743,
              -0.4752678
            ],
            [
              100.4142888,
              -0.475279
            ],
            [
              100.4143009,
              -0.4752906
            ],
            [
              100.4143206,
              -0.4753146
            ],
            [
              100.4143267,
              -0.4753259
            ],
            [
              100.4143387,
              -0.4753363
            ],
            [
              100.414347,
              -0.4753444
            ],
            [
              100.4143579,
              -0.4753549
            ],
            [
              100.4143696,
              -0.4753685
            ],
            [
              100.4143753,
              -0.4753765
            ],
            [
              100.4143795,
              -0.4753837
            ],
            [
              100.4143946,
              -0.4754097
            ],
            [
              100.4144032,
              -0.475431
            ],
            [
              100.4144058,
              -0.4754461
            ],
            [
              100.4144069,
              -0.4754577
            ],
            [
              100.4144075,
              -0.4754725
            ],
            [
              100.4144073,
              -0.4754776
            ],
            [
              100.4144066,
              -0.4754918
            ],
            [
              100.4144046,
              -0.4755111
            ],
            [
              100.4144042,
              -0.4755132
            ],
            [
              100.4144018,
              -0.4755277
            ],
            [
              100.4143952,
              -0.4755451
            ],
            [
              100.4143872,
              -0.4755635
            ],
            [
              100.4143814,
              -0.4755796
            ],
            [
              100.4143788,
              -0.4755874
            ],
            [
              100.4143749,
              -0.4755989
            ],
            [
              100.4143694,
              -0.4756165
            ],
            [
              100.414364,
              -0.4756339
            ],
            [
              100.41436,
              -0.4756471
            ],
            [
              100.4143563,
              -0.4756612
            ],
            [
              100.4143522,
              -0.4756808
            ],
            [
              100.4143506,
              -0.4757125
            ],
            [
              100.4143494,
              -0.4757451
            ],
            [
              100.4143495,
              -0.4757463
            ],
            [
              100.4143507,
              -0.4757619
            ],
            [
              100.4143524,
              -0.4757828
            ],
            [
              100.414353,
              -0.4758012
            ],
            [
              100.4143528,
              -0.4758203
            ],
            [
              100.4143502,
              -0.4758421
            ],
            [
              100.4143468,
              -0.4758629
            ],
            [
              100.4143438,
              -0.4758799
            ],
            [
              100.4143425,
              -0.4758876
            ],
            [
              100.4143403,
              -0.4759008
            ],
            [
              100.4143364,
              -0.4759292
            ],
            [
              100.4143332,
              -0.4759573
            ],
            [
              100.4143327,
              -0.4759635
            ],
            [
              100.4143309,
              -0.4759882
            ],
            [
              100.4143288,
              -0.4760118
            ],
            [
              100.4143288,
              -0.4760119
            ],
            [
              100.4143256,
              -0.4760444
            ],
            [
              100.4143254,
              -0.4760502
            ],
            [
              100.4143249,
              -0.476068
            ],
            [
              100.414325,
              -0.4760729
            ],
            [
              100.4143251,
              -0.4760865
            ],
            [
              100.4143264,
              -0.4761051
            ],
            [
              100.4143263,
              -0.4761088
            ],
            [
              100.4143244,
              -0.4761702
            ],
            [
              100.4143235,
              -0.4761855
            ],
            [
              100.4143216,
              -0.4762048
            ],
            [
              100.4143213,
              -0.4762079
            ],
            [
              100.4143197,
              -0.4762233
            ],
            [
              100.4143198,
              -0.4762498
            ],
            [
              100.4143228,
              -0.4762678
            ],
            [
              100.4143229,
              -0.4762682
            ],
            [
              100.4143306,
              -0.4762863
            ],
            [
              100.4143379,
              -0.4762991
            ],
            [
              100.4143444,
              -0.4763088
            ],
            [
              100.4143513,
              -0.4763142
            ],
            [
              100.4143604,
              -0.4763201
            ],
            [
              100.4143684,
              -0.476324
            ],
            [
              100.414379,
              -0.4763282
            ],
            [
              100.414382,
              -0.4763292
            ],
            [
              100.4143909,
              -0.4763322
            ],
            [
              100.4144038,
              -0.4763359
            ],
            [
              100.4144478,
              -0.4763501
            ],
            [
              100.4144609,
              -0.4763543
            ],
            [
              100.4144913,
              -0.4763641
            ],
            [
              100.4145032,
              -0.4763681
            ],
            [
              100.4145247,
              -0.4763751
            ],
            [
              100.4145405,
              -0.4763805
            ],
            [
              100.4145591,
              -0.4763861
            ],
            [
              100.414574,
              -0.4763894
            ],
            [
              100.4145764,
              -0.4763899
            ],
            [
              100.414608,
              -0.4763957
            ],
            [
              100.4146308,
              -0.4763999
            ],
            [
              100.4146423,
              -0.4764026
            ],
            [
              100.4146509,
              -0.4764041
            ],
            [
              100.4146524,
              -0.4764045
            ],
            [
              100.4146624,
              -0.4764069
            ],
            [
              100.4146735,
              -0.4764118
            ],
            [
              100.4146819,
              -0.4764179
            ],
            [
              100.4146884,
              -0.4764257
            ],
            [
              100.4146938,
              -0.4764366
            ],
            [
              100.414697,
              -0.4764468
            ],
            [
              100.414698,
              -0.4764499
            ],
            [
              100.4146993,
              -0.4764636
            ],
            [
              100.4146984,
              -0.4764836
            ],
            [
              100.4146948,
              -0.476506
            ],
            [
              100.4146833,
              -0.4765655
            ],
            [
              100.4146729,
              -0.4766413
            ],
            [
              100.4146681,
              -0.4766977
            ],
            [
              100.414666,
              -0.4767204
            ],
            [
              100.4146631,
              -0.4767469
            ],
            [
              100.4146604,
              -0.4767651
            ],
            [
              100.4146567,
              -0.4767834
            ],
            [
              100.414651,
              -0.4768084
            ],
            [
              100.4146441,
              -0.4768449
            ],
            [
              100.414643,
              -0.4768535
            ],
            [
              100.4146381,
              -0.4768908
            ],
            [
              100.414636,
              -0.4769092
            ],
            [
              100.4146267,
              -0.4769895
            ],
            [
              100.414625,
              -0.4770089
            ],
            [
              100.4146237,
              -0.4770185
            ],
            [
              100.4146206,
              -0.4770283
            ],
            [
              100.4146165,
              -0.4770359
            ],
            [
              100.4146122,
              -0.4770422
            ],
            [
              100.4146057,
              -0.4770517
            ],
            [
              100.4145995,
              -0.4770615
            ],
            [
              100.4145939,
              -0.4770715
            ],
            [
              100.4145899,
              -0.4770838
            ],
            [
              100.4145893,
              -0.4770929
            ],
            [
              100.41459,
              -0.4771023
            ],
            [
              100.4145933,
              -0.4771141
            ],
            [
              100.4146043,
              -0.4771378
            ],
            [
              100.4146146,
              -0.4771542
            ],
            [
              100.4146261,
              -0.4771677
            ],
            [
              100.4146333,
              -0.4771749
            ],
            [
              100.4146454,
              -0.477185
            ],
            [
              100.4146598,
              -0.4771968
            ],
            [
              100.4147153,
              -0.4772305
            ],
            [
              100.4147186,
              -0.4772325
            ],
            [
              100.4147356,
              -0.4772413
            ],
            [
              100.4147498,
              -0.4772473
            ],
            [
              100.4147632,
              -0.4772502
            ],
            [
              100.4147787,
              -0.4772523
            ],
            [
              100.4147876,
              -0.4772522
            ],
            [
              100.4148038,
              -0.4772508
            ],
            [
              100.414877,
              -0.477243
            ],
            [
              100.4148872,
              -0.4772426
            ],
            [
              100.4149018,
              -0.4772425
            ],
            [
              100.4149166,
              -0.4772425
            ],
            [
              100.4149336,
              -0.4772424
            ],
            [
              100.4149521,
              -0.4772435
            ],
            [
              100.4149782,
              -0.4772472
            ],
            [
              100.4149972,
              -0.4772499
            ],
            [
              100.4150314,
              -0.4772536
            ],
            [
              100.4151081,
              -0.4772572
            ],
            [
              100.415115,
              -0.4772573
            ],
            [
              100.4151617,
              -0.4772579
            ],
            [
              100.415183,
              -0.4772578
            ],
            [
              100.4152069,
              -0.4772579
            ],
            [
              100.4152368,
              -0.477258
            ],
            [
              100.415245,
              -0.4772599
            ],
            [
              100.4152526,
              -0.4772615
            ],
            [
              100.4152602,
              -0.4772634
            ],
            [
              100.4152686,
              -0.4772666
            ],
            [
              100.4152744,
              -0.4772687
            ],
            [
              100.4152823,
              -0.477273
            ],
            [
              100.4152903,
              -0.4772807
            ],
            [
              100.4152961,
              -0.4772881
            ],
            [
              100.4153002,
              -0.4772945
            ],
            [
              100.4153039,
              -0.477301
            ],
            [
              100.4153073,
              -0.4773081
            ],
            [
              100.4153097,
              -0.4773132
            ],
            [
              100.4153154,
              -0.4773264
            ],
            [
              100.415318,
              -0.4773344
            ],
            [
              100.4153209,
              -0.4773493
            ],
            [
              100.4153234,
              -0.4773643
            ],
            [
              100.415324,
              -0.4773793
            ],
            [
              100.4153239,
              -0.47739
            ],
            [
              100.415322,
              -0.4774114
            ],
            [
              100.4153152,
              -0.4774514
            ],
            [
              100.415313,
              -0.4774654
            ],
            [
              100.4153099,
              -0.4774925
            ],
            [
              100.4153109,
              -0.4775041
            ],
            [
              100.415315,
              -0.477538
            ],
            [
              100.41532,
              -0.4775583
            ],
            [
              100.4153259,
              -0.4775823
            ],
            [
              100.4153328,
              -0.477604
            ],
            [
              100.4153383,
              -0.477622
            ],
            [
              100.415345,
              -0.4776439
            ],
            [
              100.4153484,
              -0.4776567
            ],
            [
              100.4153555,
              -0.4776831
            ],
            [
              100.4153611,
              -0.4777053
            ],
            [
              100.4153695,
              -0.4777371
            ],
            [
              100.4153734,
              -0.4777584
            ],
            [
              100.4153773,
              -0.4777788
            ],
            [
              100.4153823,
              -0.4778046
            ],
            [
              100.4153915,
              -0.4778479
            ],
            [
              100.4153977,
              -0.4778812
            ],
            [
              100.4154004,
              -0.477896
            ],
            [
              100.4154021,
              -0.4779131
            ],
            [
              100.4154023,
              -0.4779229
            ],
            [
              100.4154034,
              -0.4779462
            ],
            [
              100.4154056,
              -0.4779621
            ],
            [
              100.4154065,
              -0.4779779
            ],
            [
              100.4154061,
              -0.4779849
            ],
            [
              100.4154051,
              -0.4779906
            ],
            [
              100.4154033,
              -0.4779981
            ],
            [
              100.4154005,
              -0.4780067
            ],
            [
              100.4153948,
              -0.4780193
            ],
            [
              100.4153911,
              -0.4780281
            ],
            [
              100.4153844,
              -0.4780399
            ],
            [
              100.4153749,
              -0.478056
            ],
            [
              100.4153649,
              -0.4780698
            ],
            [
              100.4153536,
              -0.4780838
            ],
            [
              100.4153336,
              -0.4781029
            ],
            [
              100.4153218,
              -0.4781145
            ],
            [
              100.4153119,
              -0.4781251
            ],
            [
              100.4153041,
              -0.4781354
            ],
            [
              100.415295,
              -0.4781495
            ],
            [
              100.4152885,
              -0.4781606
            ],
            [
              100.4152828,
              -0.4781735
            ],
            [
              100.4152799,
              -0.4781841
            ],
            [
              100.4152786,
              -0.4781887
            ],
            [
              100.4152598,
              -0.4782437
            ],
            [
              100.4152528,
              -0.478265
            ],
            [
              100.4152504,
              -0.4782737
            ],
            [
              100.4152475,
              -0.4782897
            ],
            [
              100.4152469,
              -0.4782984
            ],
            [
              100.4152473,
              -0.4783091
            ],
            [
              100.4152481,
              -0.4783171
            ],
            [
              100.4152666,
              -0.4783885
            ],
            [
              100.4153056,
              -0.4784002
            ],
            [
              100.4153431,
              -0.4784129
            ],
            [
              100.4153825,
              -0.4784254
            ],
            [
              100.4154222,
              -0.4784355
            ],
            [
              100.4154576,
              -0.478444
            ],
            [
              100.4154943,
              -0.4784521
            ],
            [
              100.4155198,
              -0.4784562
            ],
            [
              100.4155331,
              -0.4784583
            ],
            [
              100.4155721,
              -0.4784599
            ],
            [
              100.4156132,
              -0.4784593
            ],
            [
              100.4156452,
              -0.4784559
            ],
            [
              100.4156813,
              -0.4784485
            ],
            [
              100.4157171,
              -0.4784367
            ],
            [
              100.4157474,
              -0.4784215
            ],
            [
              100.4157816,
              -0.4784
            ],
            [
              100.415813,
              -0.4783808
            ],
            [
              100.4158922,
              -0.4783051
            ],
            [
              100.415958,
              -0.4782373
            ],
            [
              100.4159881,
              -0.4782041
            ],
            [
              100.4159885,
              -0.4782036
            ],
            [
              100.4160149,
              -0.4781727
            ],
            [
              100.4160435,
              -0.4781461
            ],
            [
              100.4160737,
              -0.478121
            ],
            [
              100.4163385,
              -0.4779143
            ],
            [
              100.4165596,
              -0.4777994
            ],
            [
              100.4167592,
              -0.4776917
            ],
            [
              100.4168804,
              -0.4776199
            ],
            [
              100.4169517,
              -0.477584
            ],
            [
              100.4172798,
              -0.4777275
            ],
            [
              100.4175223,
              -0.4777992
            ],
            [
              100.4175651,
              -0.4778638
            ],
            [
              100.4175865,
              -0.4779859
            ],
            [
              100.4176079,
              -0.4781007
            ],
            [
              100.4175509,
              -0.4781223
            ],
            [
              100.4175224,
              -0.4781869
            ],
            [
              100.417501,
              -0.4782587
            ],
            [
              100.417501,
              -0.4783449
            ],
            [
              100.4174796,
              -0.4784095
            ],
            [
              100.417444,
              -0.4784382
            ],
            [
              100.4173798,
              -0.4784382
            ],
            [
              100.4172188,
              -0.4784709
            ],
            [
              100.4172306,
              -0.4784945
            ],
            [
              100.4172494,
              -0.4785288
            ],
            [
              100.4172589,
              -0.4785482
            ],
            [
              100.4172672,
              -0.4785697
            ],
            [
              100.4172726,
              -0.4785916
            ],
            [
              100.4172768,
              -0.4786149
            ],
            [
              100.4172791,
              -0.4786364
            ],
            [
              100.4172804,
              -0.478657
            ],
            [
              100.4172785,
              -0.4786754
            ],
            [
              100.4172776,
              -0.478702
            ],
            [
              100.4172754,
              -0.4787304
            ],
            [
              100.4172753,
              -0.4787316
            ],
            [
              100.4172719,
              -0.4787648
            ],
            [
              100.4172724,
              -0.4787836
            ],
            [
              100.4172824,
              -0.4788102
            ],
            [
              100.4172918,
              -0.4788681
            ],
            [
              100.4173009,
              -0.4789097
            ],
            [
              100.4173063,
              -0.4789298
            ],
            [
              100.4173104,
              -0.478948
            ],
            [
              100.4173114,
              -0.4789724
            ],
            [
              100.4173119,
              -0.4789913
            ],
            [
              100.4173138,
              -0.4790176
            ],
            [
              100.4173132,
              -0.479036
            ],
            [
              100.4173126,
              -0.4790505
            ],
            [
              100.4173096,
              -0.4790906
            ],
            [
              100.4173105,
              -0.4791083
            ],
            [
              100.4173104,
              -0.4791348
            ],
            [
              100.4173075,
              -0.4791536
            ],
            [
              100.4173062,
              -0.4791757
            ],
            [
              100.4173054,
              -0.4791989
            ],
            [
              100.4173046,
              -0.4792216
            ],
            [
              100.4173026,
              -0.4792409
            ],
            [
              100.4173003,
              -0.4792643
            ],
            [
              100.417298,
              -0.4792847
            ],
            [
              100.417296,
              -0.4793072
            ],
            [
              100.4172953,
              -0.4793355
            ],
            [
              100.4172896,
              -0.4793506
            ],
            [
              100.4172815,
              -0.479373
            ],
            [
              100.4172678,
              -0.4794042
            ],
            [
              100.4172614,
              -0.4794242
            ],
            [
              100.4172587,
              -0.4794436
            ],
            [
              100.4172596,
              -0.4794634
            ],
            [
              100.4172612,
              -0.4794758
            ],
            [
              100.4172625,
              -0.47949
            ],
            [
              100.4172611,
              -0.4795012
            ],
            [
              100.4172574,
              -0.4795136
            ],
            [
              100.4172153,
              -0.4795754
            ],
            [
              100.41716,
              -0.4796447
            ],
            [
              100.4171191,
              -0.4797012
            ],
            [
              100.4171096,
              -0.479707
            ],
            [
              100.417093,
              -0.4797145
            ],
            [
              100.4170797,
              -0.4797212
            ],
            [
              100.4170645,
              -0.4797312
            ],
            [
              100.4170506,
              -0.4797422
            ],
            [
              100.4170378,
              -0.4797599
            ],
            [
              100.4170278,
              -0.4797755
            ],
            [
              100.4170195,
              -0.4797886
            ],
            [
              100.4170099,
              -0.4798012
            ],
            [
              100.4169931,
              -0.4798159
            ],
            [
              100.4169562,
              -0.4798416
            ],
            [
              100.4169401,
              -0.4798511
            ],
            [
              100.4169234,
              -0.4798604
            ],
            [
              100.4169066,
              -0.4798739
            ],
            [
              100.4168916,
              -0.4798887
            ],
            [
              100.416883,
              -0.4799018
            ],
            [
              100.4168744,
              -0.4799179
            ],
            [
              100.4168684,
              -0.4799295
            ],
            [
              100.4168617,
              -0.4799402
            ],
            [
              100.4168543,
              -0.4799532
            ],
            [
              100.4168461,
              -0.479965
            ],
            [
              100.4168388,
              -0.4799739
            ],
            [
              100.4168268,
              -0.4799901
            ],
            [
              100.4168193,
              -0.4800016
            ],
            [
              100.416815,
              -0.4800127
            ],
            [
              100.4168099,
              -0.4800241
            ],
            [
              100.4168014,
              -0.4800384
            ],
            [
              100.4167667,
              -0.4800821
            ],
            [
              100.4167535,
              -0.4801006
            ],
            [
              100.4167459,
              -0.4801136
            ],
            [
              100.4167368,
              -0.4801318
            ],
            [
              100.4167289,
              -0.4801498
            ],
            [
              100.4167227,
              -0.4801681
            ],
            [
              100.4167154,
              -0.4801921
            ],
            [
              100.4167088,
              -0.480214
            ],
            [
              100.416706,
              -0.4802241
            ],
            [
              100.4167019,
              -0.4802381
            ],
            [
              100.4166998,
              -0.4802471
            ],
            [
              100.4166942,
              -0.4802738
            ],
            [
              100.4166876,
              -0.4803261
            ],
            [
              100.4166858,
              -0.4803469
            ],
            [
              100.4166836,
              -0.4803691
            ],
            [
              100.4166801,
              -0.4803968
            ],
            [
              100.4166775,
              -0.4804175
            ],
            [
              100.4166738,
              -0.4804344
            ],
            [
              100.4166694,
              -0.4804477
            ],
            [
              100.4166675,
              -0.4804586
            ],
            [
              100.4166652,
              -0.4804756
            ],
            [
              100.4166673,
              -0.4804904
            ],
            [
              100.4166743,
              -0.4805038
            ],
            [
              100.4166853,
              -0.4805141
            ],
            [
              100.4167056,
              -0.4805294
            ],
            [
              100.416718,
              -0.4805358
            ],
            [
              100.416739,
              -0.4805412
            ],
            [
              100.4167589,
              -0.4805426
            ],
            [
              100.4167973,
              -0.4805418
            ],
            [
              100.4168174,
              -0.4805397
            ],
            [
              100.416845,
              -0.4805375
            ],
            [
              100.4168729,
              -0.4805311
            ],
            [
              100.4169085,
              -0.4805139
            ],
            [
              100.4169287,
              -0.4805084
            ],
            [
              100.4169417,
              -0.4805106
            ],
            [
              100.416959,
              -0.4805181
            ],
            [
              100.4169929,
              -0.4805274
            ],
            [
              100.4170202,
              -0.4805371
            ],
            [
              100.4170439,
              -0.4805433
            ],
            [
              100.4170649,
              -0.4805431
            ],
            [
              100.4171159,
              -0.4805429
            ],
            [
              100.4171399,
              -0.4805405
            ],
            [
              100.4171601,
              -0.4805393
            ],
            [
              100.4171768,
              -0.4805386
            ],
            [
              100.4172368,
              -0.4805372
            ],
            [
              100.4172726,
              -0.4805355
            ],
            [
              100.4173013,
              -0.4805326
            ],
            [
              100.4173196,
              -0.4805308
            ],
            [
              100.4173417,
              -0.4805281
            ],
            [
              100.4173573,
              -0.4805274
            ],
            [
              100.4173752,
              -0.4805298
            ],
            [
              100.4173882,
              -0.4805329
            ],
            [
              100.4174372,
              -0.4805425
            ],
            [
              100.4174549,
              -0.4805477
            ],
            [
              100.4174765,
              -0.4805544
            ],
            [
              100.4174969,
              -0.4805597
            ],
            [
              100.4175161,
              -0.4805681
            ],
            [
              100.4175322,
              -0.4805758
            ],
            [
              100.4175488,
              -0.4805836
            ],
            [
              100.4175713,
              -0.4805907
            ],
            [
              100.4176023,
              -0.4805952
            ],
            [
              100.4176273,
              -0.4805986
            ],
            [
              100.417649,
              -0.4805991
            ],
            [
              100.4176659,
              -0.480601
            ],
            [
              100.4176826,
              -0.4806031
            ],
            [
              100.4177029,
              -0.4806069
            ],
            [
              100.4177501,
              -0.4806049
            ],
            [
              100.4177661,
              -0.480599
            ],
            [
              100.4177902,
              -0.4805901
            ],
            [
              100.4178238,
              -0.480579
            ],
            [
              100.4178366,
              -0.4805718
            ],
            [
              100.4178758,
              -0.480542
            ],
            [
              100.4179004,
              -0.4805262
            ],
            [
              100.4179318,
              -0.480506
            ],
            [
              100.4179431,
              -0.4804936
            ],
            [
              100.4179522,
              -0.4804795
            ],
            [
              100.4179611,
              -0.4804623
            ],
            [
              100.4179777,
              -0.4804395
            ],
            [
              100.4179949,
              -0.4804235
            ],
            [
              100.4180121,
              -0.4804109
            ],
            [
              100.4180516,
              -0.4803928
            ],
            [
              100.4180737,
              -0.4803842
            ],
            [
              100.4180956,
              -0.4803778
            ],
            [
              100.4181454,
              -0.4803656
            ],
            [
              100.418162,
              -0.4803607
            ],
            [
              100.4181755,
              -0.4803561
            ],
            [
              100.4181901,
              -0.4803525
            ],
            [
              100.4182126,
              -0.4803504
            ],
            [
              100.4182274,
              -0.4803516
            ],
            [
              100.4182399,
              -0.4803572
            ],
            [
              100.4182564,
              -0.4803648
            ],
            [
              100.4182949,
              -0.4803839
            ],
            [
              100.4183185,
              -0.4803929
            ],
            [
              100.4183395,
              -0.4803982
            ],
            [
              100.4183572,
              -0.480402
            ],
            [
              100.4183767,
              -0.48041
            ],
            [
              100.4183946,
              -0.480418
            ],
            [
              100.4184068,
              -0.4804247
            ],
            [
              100.4184211,
              -0.4804353
            ],
            [
              100.4184407,
              -0.4804481
            ],
            [
              100.4184957,
              -0.4804815
            ],
            [
              100.4185218,
              -0.4804972
            ],
            [
              100.418558,
              -0.4805196
            ],
            [
              100.4185989,
              -0.4805513
            ],
            [
              100.4186163,
              -0.4805644
            ],
            [
              100.4186365,
              -0.4805776
            ],
            [
              100.4186574,
              -0.4805899
            ],
            [
              100.4186875,
              -0.4806064
            ],
            [
              100.4187046,
              -0.4806152
            ],
            [
              100.4187272,
              -0.4806297
            ],
            [
              100.4187433,
              -0.4806413
            ],
            [
              100.4187659,
              -0.4806639
            ],
            [
              100.4187927,
              -0.480687
            ],
            [
              100.4188067,
              -0.4806977
            ],
            [
              100.4188248,
              -0.4807121
            ],
            [
              100.4188353,
              -0.480724
            ],
            [
              100.4188463,
              -0.4807376
            ],
            [
              100.418876,
              -0.4807582
            ],
            [
              100.4188935,
              -0.4807697
            ],
            [
              100.4189128,
              -0.480779
            ],
            [
              100.4189299,
              -0.4807885
            ],
            [
              100.418948,
              -0.4807939
            ],
            [
              100.418968,
              -0.480797
            ],
            [
              100.4189927,
              -0.4807969
            ],
            [
              100.4190212,
              -0.4807993
            ],
            [
              100.4190467,
              -0.480791
            ],
            [
              100.4190501,
              -0.4807899
            ],
            [
              100.4190673,
              -0.4807816
            ],
            [
              100.4190699,
              -0.4807801
            ],
            [
              100.4190873,
              -0.4807704
            ],
            [
              100.4191121,
              -0.4807467
            ],
            [
              100.4191528,
              -0.4807176
            ],
            [
              100.4191655,
              -0.4807062
            ],
            [
              100.4191838,
              -0.4806957
            ],
            [
              100.4192015,
              -0.4806867
            ],
            [
              100.4192237,
              -0.4806753
            ],
            [
              100.4192601,
              -0.4806615
            ],
            [
              100.419283,
              -0.4806495
            ],
            [
              100.4192992,
              -0.4806412
            ],
            [
              100.4193116,
              -0.4806357
            ],
            [
              100.4193467,
              -0.4806202
            ],
            [
              100.4193653,
              -0.4806119
            ],
            [
              100.4193815,
              -0.4806067
            ],
            [
              100.4194041,
              -0.4806043
            ],
            [
              100.4194214,
              -0.4806056
            ],
            [
              100.4194495,
              -0.4806069
            ],
            [
              100.4194738,
              -0.4806083
            ],
            [
              100.4194929,
              -0.4806098
            ],
            [
              100.4195062,
              -0.4806111
            ],
            [
              100.4195212,
              -0.4806131
            ],
            [
              100.4195385,
              -0.4806224
            ],
            [
              100.4195659,
              -0.4806374
            ],
            [
              100.4195818,
              -0.4806473
            ],
            [
              100.4195858,
              -0.4806511
            ],
            [
              100.4195955,
              -0.4806607
            ],
            [
              100.4196079,
              -0.4806794
            ],
            [
              100.4196163,
              -0.4806961
            ],
            [
              100.4196213,
              -0.4807108
            ],
            [
              100.419622,
              -0.4807307
            ],
            [
              100.4196187,
              -0.4807498
            ],
            [
              100.4196149,
              -0.4807659
            ],
            [
              100.4196085,
              -0.4807844
            ],
            [
              100.4195976,
              -0.4808083
            ],
            [
              100.4195925,
              -0.4808279
            ],
            [
              100.4195866,
              -0.480846
            ],
            [
              100.4195778,
              -0.4808694
            ],
            [
              100.4195672,
              -0.4808923
            ],
            [
              100.4195571,
              -0.4809114
            ],
            [
              100.4195343,
              -0.4809584
            ],
            [
              100.4195317,
              -0.4809621
            ],
            [
              100.4195256,
              -0.4809708
            ],
            [
              100.4195117,
              -0.480993
            ],
            [
              100.4194972,
              -0.4810128
            ],
            [
              100.4194889,
              -0.4810266
            ],
            [
              100.4194825,
              -0.4810409
            ],
            [
              100.4194722,
              -0.481057
            ],
            [
              100.4194636,
              -0.4810653
            ],
            [
              100.4194557,
              -0.4810769
            ],
            [
              100.4194489,
              -0.4810898
            ],
            [
              100.4194446,
              -0.4811064
            ],
            [
              100.419441,
              -0.4811251
            ],
            [
              100.4194365,
              -0.4811494
            ],
            [
              100.4194223,
              -0.4812036
            ],
            [
              100.4194219,
              -0.4812285
            ],
            [
              100.4194192,
              -0.4812532
            ],
            [
              100.4194165,
              -0.4812707
            ],
            [
              100.4194155,
              -0.4812788
            ],
            [
              100.4193943,
              -0.4813173
            ],
            [
              100.4193799,
              -0.4813587
            ],
            [
              100.4193727,
              -0.481402
            ],
            [
              100.4193728,
              -0.4814459
            ],
            [
              100.4193803,
              -0.4814892
            ],
            [
              100.419395,
              -0.4815305
            ],
            [
              100.4194164,
              -0.4815689
            ],
            [
              100.4194467,
              -0.4816058
            ],
            [
              100.4194832,
              -0.4816366
            ],
            [
              100.4195247,
              -0.4816602
            ],
            [
              100.4195698,
              -0.4816759
            ],
            [
              100.419617,
              -0.481683
            ],
            [
              100.4196647,
              -0.4816814
            ],
            [
              100.4197113,
              -0.4816712
            ],
            [
              100.4197553,
              -0.4816525
            ],
            [
              100.4197951,
              -0.4816262
            ],
            [
              100.4198295,
              -0.481593
            ],
            [
              100.4199421,
              -0.4815662
            ],
            [
              100.4200494,
              -0.4816332
            ],
            [
              100.4200038,
              -0.4819363
            ],
            [
              100.4200575,
              -0.4820114
            ],
            [
              100.4201379,
              -0.4820597
            ],
            [
              100.4203096,
              -0.4820865
            ],
            [
              100.4205242,
              -0.4820516
            ],
            [
              100.4206556,
              -0.482049
            ],
            [
              100.4208299,
              -0.4821455
            ],
            [
              100.4209641,
              -0.4822206
            ],
            [
              100.4212296,
              -0.4822394
            ],
            [
              100.4213691,
              -0.4822823
            ],
            [
              100.4214066,
              -0.4823762
            ],
            [
              100.421412,
              -0.482454
            ],
            [
              100.4211223,
              -0.4829367
            ],
            [
              100.4210687,
              -0.483036
            ],
            [
              100.4210392,
              -0.4831674
            ],
            [
              100.4210231,
              -0.4834356
            ],
            [
              100.4210204,
              -0.4836073
            ],
            [
              100.4210445,
              -0.4837548
            ],
            [
              100.4211029,
              -0.4838612
            ],
            [
              100.421209,
              -0.4839172
            ],
            [
              100.4213416,
              -0.4839287
            ],
            [
              100.4216668,
              -0.4838066
            ],
            [
              100.4218607,
              -0.4836299
            ],
            [
              100.4219195,
              -0.4832747
            ],
            [
              100.4219893,
              -0.4831914
            ],
            [
              100.4221334,
              -0.4831755
            ],
            [
              100.4222756,
              -0.483313
            ],
            [
              100.4223742,
              -0.4834685
            ],
            [
              100.4224539,
              -0.4837676
            ],
            [
              100.4223339,
              -0.4839459
            ],
            [
              100.4219881,
              -0.4842475
            ],
            [
              100.4219703,
              -0.484348
            ],
            [
              100.4219989,
              -0.4844497
            ],
            [
              100.4220595,
              -0.4844832
            ],
            [
              100.4223079,
              -0.484385
            ],
            [
              100.4223744,
              -0.4843886
            ],
            [
              100.4224481,
              -0.4844448
            ],
            [
              100.4224886,
              -0.4846985
            ],
            [
              100.4223924,
              -0.4849007
            ],
            [
              100.4224078,
              -0.4850132
            ],
            [
              100.4224637,
              -0.4850586
            ],
            [
              100.4225231,
              -0.4850538
            ],
            [
              100.4228297,
              -0.4849162
            ],
            [
              100.4232172,
              -0.4847988
            ],
            [
              100.4236189,
              -0.4849196
            ],
            [
              100.423903,
              -0.4849171
            ],
            [
              100.4239969,
              -0.4849494
            ],
            [
              100.4240326,
              -0.4850236
            ],
            [
              100.4239958,
              -0.4851002
            ],
            [
              100.4238864,
              -0.4852091
            ],
            [
              100.4236404,
              -0.4853324
            ],
            [
              100.4235311,
              -0.4854473
            ],
            [
              100.4234289,
              -0.485628
            ],
            [
              100.4234278,
              -0.48575
            ],
            [
              100.4234801,
              -0.485811
            ],
            [
              100.4235882,
              -0.4858469
            ],
            [
              100.4241421,
              -0.4858599
            ],
            [
              100.4242978,
              -0.4856924
            ],
            [
              100.424356,
              -0.4855787
            ],
            [
              100.4245224,
              -0.4854949
            ],
            [
              100.4249538,
              -0.4856528
            ],
            [
              100.4251975,
              -0.4859542
            ],
            [
              100.4252332,
              -0.4861265
            ],
            [
              100.4252238,
              -0.4862055
            ],
            [
              100.4249314,
              -0.4864915
            ],
            [
              100.4249291,
              -0.4865693
            ],
            [
              100.424998,
              -0.4866291
            ],
            [
              100.425389,
              -0.4863742
            ],
            [
              100.4259274,
              -0.4862018
            ],
            [
              100.4260676,
              -0.4861084
            ],
            [
              100.4261436,
              -0.4860031
            ],
            [
              100.4261603,
              -0.4859146
            ],
            [
              100.4261067,
              -0.4856633
            ],
            [
              100.4260045,
              -0.4854324
            ],
            [
              100.4260211,
              -0.4853462
            ],
            [
              100.4260876,
              -0.4853175
            ],
            [
              100.4261032,
              -0.4852782
            ],
            [
              100.4262722,
              -0.4852192
            ],
            [
              100.4263043,
              -0.4851656
            ],
            [
              100.4262775,
              -0.4850851
            ],
            [
              100.4262131,
              -0.4849832
            ],
            [
              100.4261327,
              -0.484943
            ],
            [
              100.426071,
              -0.4849175
            ],
            [
              100.4260522,
              -0.4848571
            ],
            [
              100.4260227,
              -0.484833
            ],
            [
              100.4259664,
              -0.4848249
            ],
            [
              100.4259476,
              -0.484774
            ],
            [
              100.4259396,
              -0.4846855
            ],
            [
              100.4259717,
              -0.4846023
            ],
            [
              100.4259878,
              -0.4845406
            ],
            [
              100.42602,
              -0.484487
            ],
            [
              100.4259691,
              -0.484487
            ],
            [
              100.4258323,
              -0.4844816
            ],
            [
              100.4257652,
              -0.4845058
            ],
            [
              100.4257089,
              -0.4844682
            ],
            [
              100.4259235,
              -0.4843395
            ],
            [
              100.4259288,
              -0.4842778
            ],
            [
              100.4259583,
              -0.4842537
            ],
            [
              100.4260012,
              -0.4842027
            ],
            [
              100.4259449,
              -0.4842134
            ],
            [
              100.4258886,
              -0.484251
            ],
            [
              100.425784,
              -0.484251
            ],
            [
              100.425784,
              -0.4841142
            ],
            [
              100.425784,
              -0.4840284
            ],
            [
              100.4257625,
              -0.4840015
            ],
            [
              100.4257947,
              -0.4839801
            ],
            [
              100.4257679,
              -0.4839533
            ],
            [
              100.4257598,
              -0.4839103
            ],
            [
              100.4257786,
              -0.4838889
            ],
            [
              100.4257759,
              -0.4838487
            ],
            [
              100.4257518,
              -0.4838138
            ],
            [
              100.4257733,
              -0.4837897
            ],
            [
              100.4258028,
              -0.483736
            ],
            [
              100.425784,
              -0.4836904
            ],
            [
              100.4257733,
              -0.4836475
            ],
            [
              100.4256982,
              -0.4836073
            ],
            [
              100.4256472,
              -0.4835402
            ],
            [
              100.4255962,
              -0.4834866
            ],
            [
              100.4255372,
              -0.4833525
            ],
            [
              100.4255694,
              -0.4832237
            ],
            [
              100.4254836,
              -0.4831594
            ],
            [
              100.4254219,
              -0.4831647
            ],
            [
              100.4253361,
              -0.4831594
            ],
            [
              100.4254353,
              -0.4828724
            ],
            [
              100.425387,
              -0.4828241
            ],
            [
              100.4253468,
              -0.4828348
            ],
            [
              100.4252905,
              -0.482867
            ],
            [
              100.4252422,
              -0.4828375
            ],
            [
              100.4251832,
              -0.4827034
            ],
            [
              100.4251456,
              -0.4827275
            ],
            [
              100.4250759,
              -0.4826203
            ],
            [
              100.4251027,
              -0.4825693
            ],
            [
              100.4251564,
              -0.4825666
            ],
            [
              100.4252234,
              -0.4825264
            ],
            [
              100.4251751,
              -0.4822689
            ],
            [
              100.4251134,
              -0.4822769
            ],
            [
              100.4250795,
              -0.482243
            ],
            [
              100.4250509,
              -0.4822044
            ],
            [
              100.4250283,
              -0.482162
            ],
            [
              100.4250123,
              -0.4821167
            ],
            [
              100.4250032,
              -0.4820696
            ],
            [
              100.4250011,
              -0.4820216
            ],
            [
              100.4250061,
              -0.4819739
            ],
            [
              100.4250183,
              -0.4819271
            ],
            [
              100.4250373,
              -0.4818826
            ],
            [
              100.4250628,
              -0.4818415
            ],
            [
              100.425094,
              -0.4818046
            ],
            [
              100.4251304,
              -0.4817728
            ],
            [
              100.4251712,
              -0.4817468
            ],
            [
              100.4252154,
              -0.4817271
            ],
            [
              100.4252341,
              -0.4816976
            ],
            [
              100.4252315,
              -0.4816574
            ],
            [
              100.4251671,
              -0.4816493
            ],
            [
              100.4251242,
              -0.4816064
            ],
            [
              100.4249606,
              -0.4813007
            ],
            [
              100.424923,
              -0.4813194
            ],
            [
              100.424864,
              -0.4813248
            ],
            [
              100.4248372,
              -0.4812953
            ],
            [
              100.4248291,
              -0.481196
            ],
            [
              100.424805,
              -0.4811612
            ],
            [
              100.4244482,
              -0.4808286
            ],
            [
              100.4243624,
              -0.4807884
            ],
            [
              100.4243195,
              -0.4806999
            ],
            [
              100.4241908,
              -0.4807642
            ],
            [
              100.4240727,
              -0.4808125
            ],
            [
              100.4240352,
              -0.4808527
            ],
            [
              100.4240003,
              -0.4808849
            ],
            [
              100.4238528,
              -0.48096
            ],
            [
              100.423812,
              -0.4809749
            ],
            [
              100.4237693,
              -0.4809833
            ],
            [
              100.4237259,
              -0.4809849
            ],
            [
              100.4236827,
              -0.4809798
            ],
            [
              100.4236409,
              -0.4809681
            ],
            [
              100.4235969,
              -0.4809474
            ],
            [
              100.4235572,
              -0.4809194
            ],
            [
              100.4235229,
              -0.4808849
            ],
            [
              100.4234558,
              -0.4808581
            ],
            [
              100.4234345,
              -0.480743
            ],
            [
              100.4234489,
              -0.4807213
            ],
            [
              100.4234717,
              -0.4807041
            ],
            [
              100.4234888,
              -0.4806792
            ],
            [
              100.4235249,
              -0.4806562
            ],
            [
              100.4235648,
              -0.4806294
            ],
            [
              100.4236086,
              -0.4805863
            ],
            [
              100.4235895,
              -0.480504
            ],
            [
              100.4235933,
              -0.4804676
            ],
            [
              100.4236066,
              -0.4804159
            ],
            [
              100.4236028,
              -0.4803795
            ],
            [
              100.4235952,
              -0.4803068
            ],
            [
              100.4236009,
              -0.4802685
            ],
            [
              100.4236066,
              -0.4802474
            ],
            [
              100.4235933,
              -0.4802168
            ],
            [
              100.4235419,
              -0.4801039
            ],
            [
              100.4235134,
              -0.480033
            ],
            [
              100.4235115,
              -0.4799814
            ],
            [
              100.4235229,
              -0.4799354
            ],
            [
              100.4235229,
              -0.4798895
            ],
            [
              100.4234848,
              -0.4797899
            ],
            [
              100.4234468,
              -0.479744
            ],
            [
              100.4233897,
              -0.4796827
            ],
            [
              100.4233555,
              -0.4796272
            ],
            [
              100.4233497,
              -0.4795794
            ],
            [
              100.4233707,
              -0.4795315
            ],
            [
              100.4233916,
              -0.4794989
            ],
            [
              100.4234201,
              -0.4794683
            ],
            [
              100.4234505,
              -0.4794587
            ],
            [
              100.4234685,
              -0.4794247
            ],
            [
              100.4234571,
              -0.4793874
            ],
            [
              100.4234471,
              -0.4793501
            ],
            [
              100.4234442,
              -0.4793285
            ],
            [
              100.4234442,
              -0.4793142
            ],
            [
              100.4234471,
              -0.4792883
            ],
            [
              100.423457,
              -0.4792625
            ],
            [
              100.4234684,
              -0.4792395
            ],
            [
              100.423477,
              -0.4792209
            ],
            [
              100.423487,
              -0.4791921
            ],
            [
              100.4234855,
              -0.4791663
            ],
            [
              100.4234741,
              -0.4791361
            ],
            [
              100.4234499,
              -0.4791189
            ],
            [
              100.4234356,
              -0.4790902
            ],
            [
              100.423437,
              -0.4790672
            ],
            [
              100.4234442,
              -0.4790443
            ],
            [
              100.4234484,
              -0.4790069
            ],
            [
              100.4234484,
              -0.4789753
            ],
            [
              100.4234655,
              -0.4789366
            ],
            [
              100.4234841,
              -0.4789078
            ],
            [
              100.4234955,
              -0.4788719
            ],
            [
              100.4234969,
              -0.4787973
            ],
            [
              100.423484,
              -0.4787011
            ],
            [
              100.4234498,
              -0.4786063
            ],
            [
              100.4234269,
              -0.4785561
            ],
            [
              100.4234155,
              -0.478536
            ],
            [
              100.4233941,
              -0.4785058
            ],
            [
              100.4233827,
              -0.4784771
            ],
            [
              100.423377,
              -0.4784513
            ],
            [
              100.4233684,
              -0.4784183
            ],
            [
              100.4233527,
              -0.4783824
            ],
            [
              100.4233085,
              -0.4783163
            ],
            [
              100.4232843,
              -0.4782804
            ],
            [
              100.4232557,
              -0.4782374
            ],
            [
              100.4232472,
              -0.4782201
            ],
            [
              100.4232201,
              -0.4782087
            ],
            [
              100.4232015,
              -0.4782087
            ],
            [
              100.423173,
              -0.4782015
            ],
            [
              100.4231673,
              -0.4781886
            ],
            [
              100.4231659,
              -0.478157
            ],
            [
              100.4231659,
              -0.4781412
            ],
            [
              100.4231601,
              -0.4781211
            ],
            [
              100.4231516,
              -0.4780996
            ],
            [
              100.4231444,
              -0.4780809
            ],
            [
              100.423133,
              -0.4780579
            ],
            [
              100.423123,
              -0.4780436
            ],
            [
              100.4230432,
              -0.4780479
            ],
            [
              100.4230246,
              -0.4780407
            ],
            [
              100.4230218,
              -0.4780264
            ],
            [
              100.4230161,
              -0.4780106
            ],
            [
              100.4230047,
              -0.4779818
            ],
            [
              100.4230032,
              -0.4779459
            ],
            [
              100.4229975,
              -0.4779172
            ],
            [
              100.422979,
              -0.477867
            ],
            [
              100.4229704,
              -0.4778411
            ],
            [
              100.4229547,
              -0.4777938
            ],
            [
              100.4229276,
              -0.4777306
            ],
            [
              100.4229162,
              -0.4776803
            ],
            [
              100.4229162,
              -0.477643
            ],
            [
              100.4229261,
              -0.4775956
            ],
            [
              100.4229318,
              -0.4775569
            ],
            [
              100.4229361,
              -0.4775339
            ],
            [
              100.4229489,
              -0.4775037
            ],
            [
              100.4229632,
              -0.4774678
            ],
            [
              100.4229732,
              -0.4774305
            ],
            [
              100.4229874,
              -0.4773917
            ],
            [
              100.4229931,
              -0.4773558
            ],
            [
              100.4229888,
              -0.4773286
            ],
            [
              100.4229817,
              -0.477284
            ],
            [
              100.4229703,
              -0.4772611
            ],
            [
              100.4229503,
              -0.477208
            ],
            [
              100.422946,
              -0.4771692
            ],
            [
              100.4229474,
              -0.4771419
            ],
            [
              100.4229517,
              -0.4771218
            ],
            [
              100.4229603,
              -0.4770988
            ],
            [
              100.4229617,
              -0.4770802
            ],
            [
              100.4229588,
              -0.4770629
            ],
            [
              100.422946,
              -0.4770285
            ],
            [
              100.4229346,
              -0.4770055
            ],
            [
              100.4229203,
              -0.476971
            ],
            [
              100.4229246,
              -0.4769366
            ],
            [
              100.4229189,
              -0.4769165
            ],
            [
              100.4228704,
              -0.4769036
            ],
            [
              100.4228076,
              -0.4769165
            ],
            [
              100.4227691,
              -0.4769122
            ],
            [
              100.422732,
              -0.4768979
            ],
            [
              100.4227106,
              -0.4768907
            ],
            [
              100.4226878,
              -0.4768519
            ],
            [
              100.4226764,
              -0.4767974
            ],
            [
              100.4226814,
              -0.4767576
            ],
            [
              100.4227035,
              -0.4767184
            ],
            [
              100.4226935,
              -0.4766925
            ],
            [
              100.4226721,
              -0.4766251
            ],
            [
              100.4226353,
              -0.4765389
            ],
            [
              100.4226678,
              -0.476503
            ],
            [
              100.4225907,
              -0.4763724
            ],
            [
              100.4225549,
              -0.4763322
            ],
            [
              100.4225442,
              -0.4763035
            ],
            [
              100.4225263,
              -0.4762137
            ],
            [
              100.4225227,
              -0.4761491
            ],
            [
              100.4225192,
              -0.4761025
            ],
            [
              100.4224871,
              -0.4760486
            ],
            [
              100.4224514,
              -0.476002
            ],
            [
              100.4223801,
              -0.4759481
            ],
            [
              100.4222695,
              -0.475801
            ],
            [
              100.4221923,
              -0.4756648
            ],
            [
              100.4221482,
              -0.4755314
            ],
            [
              100.4220976,
              -0.4754051
            ],
            [
              100.4220693,
              -0.4753345
            ],
            [
              100.4220273,
              -0.4752395
            ],
            [
              100.4220073,
              -0.4751798
            ],
            [
              100.4219877,
              -0.4750652
            ],
            [
              100.4219805,
              -0.4749396
            ],
            [
              100.4219555,
              -0.4748965
            ],
            [
              100.4218985,
              -0.4747386
            ],
            [
              100.4218164,
              -0.474534
            ],
            [
              100.4217665,
              -0.4744119
            ],
            [
              100.421688,
              -0.474412
            ],
            [
              100.4214991,
              -0.4744407
            ],
            [
              100.4214907,
              -0.4743917
            ],
            [
              100.4214598,
              -0.474284
            ],
            [
              100.4214099,
              -0.4741715
            ],
            [
              100.4213456,
              -0.473949
            ],
            [
              100.4213528,
              -0.4739131
            ],
            [
              100.421386,
              -0.4738628
            ],
            [
              100.4213979,
              -0.4738221
            ],
            [
              100.4213646,
              -0.4737934
            ],
            [
              100.4213076,
              -0.4737623
            ],
            [
              100.4212719,
              -0.4737336
            ],
            [
              100.421241,
              -0.4737025
            ],
            [
              100.4212029,
              -0.4736618
            ],
            [
              100.4211554,
              -0.4736068
            ],
            [
              100.4211102,
              -0.4735518
            ],
            [
              100.4210603,
              -0.4735207
            ],
            [
              100.421008,
              -0.4734824
            ],
            [
              100.4209367,
              -0.4734513
            ],
            [
              100.4208677,
              -0.473437
            ],
            [
              100.4208806,
              -0.4733642
            ],
            [
              100.4209476,
              -0.4733513
            ],
            [
              100.4210103,
              -0.4730794
            ],
            [
              100.4212537,
              -0.4731119
            ],
            [
              100.4214096,
              -0.4731425
            ],
            [
              100.4215072,
              -0.4731583
            ],
            [
              100.4215387,
              -0.473169
            ],
            [
              100.4215577,
              -0.473102
            ],
            [
              100.4216135,
              -0.4728197
            ],
            [
              100.4215532,
              -0.4728084
            ],
            [
              100.421503,
              -0.4728089
            ],
            [
              100.4214566,
              -0.4728257
            ],
            [
              100.4214353,
              -0.472846
            ],
            [
              100.4213972,
              -0.4728472
            ],
            [
              100.4214115,
              -0.4728221
            ],
            [
              100.4214115,
              -0.4727868
            ],
            [
              100.4213936,
              -0.4727629
            ],
            [
              100.421361,
              -0.4727419
            ],
            [
              100.4213253,
              -0.472706
            ],
            [
              100.4212837,
              -0.4726642
            ],
            [
              100.4212629,
              -0.4726133
            ],
            [
              100.4212658,
              -0.4725774
            ],
            [
              100.4213104,
              -0.4725296
            ],
            [
              100.421355,
              -0.4724787
            ],
            [
              100.4214077,
              -0.4724394
            ],
            [
              100.4214552,
              -0.4723796
            ],
            [
              100.4214879,
              -0.4723407
            ],
            [
              100.4215324,
              -0.4723317
            ],
            [
              100.4215948,
              -0.4723257
            ],
            [
              100.4216483,
              -0.4723063
            ],
            [
              100.421673,
              -0.4723102
            ],
            [
              100.4216959,
              -0.4723255
            ],
            [
              100.4217187,
              -0.4723389
            ],
            [
              100.4217396,
              -0.4723408
            ],
            [
              100.42177,
              -0.4723388
            ],
            [
              100.4217986,
              -0.472335
            ],
            [
              100.421829,
              -0.4723408
            ],
            [
              100.4218366,
              -0.4723618
            ],
            [
              100.4218328,
              -0.4723905
            ],
            [
              100.4219013,
              -0.4723829
            ],
            [
              100.4219697,
              -0.4723503
            ],
            [
              100.4220439,
              -0.4722737
            ],
            [
              100.4220876,
              -0.4721914
            ],
            [
              100.4220781,
              -0.4721397
            ],
            [
              100.4220723,
              -0.4721071
            ],
            [
              100.4220819,
              -0.4720861
            ],
            [
              100.4221161,
              -0.4720746
            ],
            [
              100.422137,
              -0.4720746
            ],
            [
              100.4221541,
              -0.4720439
            ],
            [
              100.4221636,
              -0.4720152
            ],
            [
              100.4221883,
              -0.4719655
            ],
            [
              100.4222111,
              -0.471931
            ],
            [
              100.4222225,
              -0.4718831
            ],
            [
              100.4222339,
              -0.4718123
            ],
            [
              100.4222358,
              -0.4717606
            ],
            [
              100.4222586,
              -0.4716936
            ],
            [
              100.4222947,
              -0.4716266
            ],
            [
              100.4223746,
              -0.4716687
            ],
            [
              100.4224165,
              -0.4716859
            ],
            [
              100.422483,
              -0.4717318
            ],
            [
              100.4225097,
              -0.4717357
            ],
            [
              100.4226542,
              -0.4717184
            ],
            [
              100.4227321,
              -0.4716954
            ],
            [
              100.4227987,
              -0.4716437
            ],
            [
              100.4229327,
              -0.4715417
            ],
            [
              100.4229956,
              -0.4714561
            ],
            [
              100.4230225,
              -0.4714001
            ],
            [
              100.4230272,
              -0.4713765
            ],
            [
              100.4230396,
              -0.4713423
            ],
            [
              100.4230463,
              -0.4713164
            ],
            [
              100.4230473,
              -0.4712922
            ],
            [
              100.4230492,
              -0.4712609
            ],
            [
              100.423062,
              -0.4712263
            ],
            [
              100.4230721,
              -0.4711948
            ],
            [
              100.423075,
              -0.4711858
            ],
            [
              100.4230775,
              -0.4711507
            ],
            [
              100.4230732,
              -0.4711075
            ],
            [
              100.4230655,
              -0.4710793
            ],
            [
              100.4230646,
              -0.4710757
            ],
            [
              100.4230468,
              -0.4710306
            ],
            [
              100.4230432,
              -0.4709908
            ],
            [
              100.4230169,
              -0.4709072
            ],
            [
              100.4230083,
              -0.4708869
            ],
            [
              100.4229975,
              -0.4708616
            ],
            [
              100.4229798,
              -0.4708282
            ],
            [
              100.4229376,
              -0.4707688
            ],
            [
              100.4229268,
              -0.4707389
            ],
            [
              100.4229171,
              -0.4707054
            ],
            [
              100.4229195,
              -0.4706694
            ],
            [
              100.42292,
              -0.4706616
            ],
            [
              100.4229269,
              -0.4706199
            ],
            [
              100.4229313,
              -0.4705809
            ],
            [
              100.4229295,
              -0.4705403
            ],
            [
              100.4229251,
              -0.4705061
            ],
            [
              100.422917,
              -0.4704825
            ],
            [
              100.4229027,
              -0.4704495
            ],
            [
              100.4228869,
              -0.4704178
            ],
            [
              100.4228725,
              -0.4703907
            ],
            [
              100.4228506,
              -0.4703579
            ],
            [
              100.4228337,
              -0.4703311
            ],
            [
              100.4228119,
              -0.4703105
            ],
            [
              100.4227977,
              -0.470302
            ],
            [
              100.4227681,
              -0.47029
            ],
            [
              100.4227499,
              -0.4702849
            ],
            [
              100.4227326,
              -0.4702674
            ],
            [
              100.4227174,
              -0.4702489
            ],
            [
              100.4227011,
              -0.4702389
            ],
            [
              100.4226695,
              -0.470232
            ],
            [
              100.4226348,
              -0.4702312
            ],
            [
              100.4226062,
              -0.4702353
            ],
            [
              100.4225795,
              -0.470241
            ],
            [
              100.4225527,
              -0.4702467
            ],
            [
              100.4225256,
              -0.4702557
            ],
            [
              100.4224883,
              -0.470259
            ],
            [
              100.4224569,
              -0.4702576
            ],
            [
              100.4224336,
              -0.4702521
            ],
            [
              100.422417,
              -0.4702421
            ],
            [
              100.4224071,
              -0.4702298
            ],
            [
              100.4223996,
              -0.4702062
            ],
            [
              100.422398,
              -0.4702012
            ],
            [
              100.422391,
              -0.470171
            ],
            [
              100.4223823,
              -0.4701598
            ],
            [
              100.4223746,
              -0.4701395
            ],
            [
              100.4223725,
              -0.4701122
            ],
            [
              100.4223725,
              -0.4700972
            ],
            [
              100.4223729,
              -0.4700805
            ],
            [
              100.4223592,
              -0.4700391
            ],
            [
              100.4223478,
              -0.4700141
            ],
            [
              100.4223382,
              -0.4699823
            ],
            [
              100.422334,
              -0.4699584
            ],
            [
              100.4223317,
              -0.4699393
            ],
            [
              100.4223293,
              -0.4699204
            ],
            [
              100.4223299,
              -0.4698936
            ],
            [
              100.4223304,
              -0.4698841
            ],
            [
              100.4223307,
              -0.4698752
            ],
            [
              100.4223318,
              -0.4698485
            ],
            [
              100.4223306,
              -0.4698275
            ],
            [
              100.4223286,
              -0.4697946
            ],
            [
              100.4223292,
              -0.4697764
            ],
            [
              100.4223289,
              -0.4697736
            ],
            [
              100.4223266,
              -0.4697489
            ],
            [
              100.4223249,
              -0.4697358
            ],
            [
              100.4223229,
              -0.4697212
            ],
            [
              100.4223154,
              -0.4697003
            ],
            [
              100.4223122,
              -0.4696913
            ],
            [
              100.4222995,
              -0.4696593
            ],
            [
              100.4222862,
              -0.4696324
            ],
            [
              100.4222706,
              -0.4696086
            ],
            [
              100.4222518,
              -0.4695893
            ],
            [
              100.4222289,
              -0.4695698
            ],
            [
              100.4222076,
              -0.4695416
            ],
            [
              100.4221999,
              -0.4695225
            ],
            [
              100.4221904,
              -0.4694963
            ],
            [
              100.4221812,
              -0.4694706
            ],
            [
              100.4221777,
              -0.4694577
            ],
            [
              100.4221729,
              -0.4694401
            ],
            [
              100.4221628,
              -0.4694094
            ],
            [
              100.4221625,
              -0.4694089
            ],
            [
              100.4221482,
              -0.4693785
            ],
            [
              100.4221418,
              -0.4693693
            ],
            [
              100.422134,
              -0.469358
            ],
            [
              100.422115,
              -0.4693446
            ],
            [
              100.4220971,
              -0.4693367
            ],
            [
              100.4220857,
              -0.4693327
            ],
            [
              100.4220834,
              -0.4693319
            ],
            [
              100.4220603,
              -0.46931
            ],
            [
              100.4220587,
              -0.4693085
            ],
            [
              100.422049,
              -0.4692822
            ],
            [
              100.4220403,
              -0.4692612
            ],
            [
              100.4220246,
              -0.4692291
            ],
            [
              100.4220094,
              -0.4692059
            ],
            [
              100.4219929,
              -0.4691889
            ],
            [
              100.4219712,
              -0.469163
            ],
            [
              100.4219593,
              -0.4691426
            ],
            [
              100.4219549,
              -0.4691225
            ],
            [
              100.4219954,
              -0.4691319
            ],
            [
              100.4219684,
              -0.4690616
            ],
            [
              100.4219692,
              -0.4690437
            ],
            [
              100.421959,
              -0.4690185
            ],
            [
              100.4219569,
              -0.4689945
            ],
            [
              100.4219565,
              -0.4689893
            ],
            [
              100.4219609,
              -0.4689674
            ],
            [
              100.4219588,
              -0.4689473
            ],
            [
              100.4219434,
              -0.4689362
            ],
            [
              100.4219225,
              -0.4689325
            ],
            [
              100.4219044,
              -0.4689343
            ],
            [
              100.4219033,
              -0.4689345
            ],
            [
              100.4218859,
              -0.468937
            ],
            [
              100.4218654,
              -0.4689387
            ],
            [
              100.4218092,
              -0.4689344
            ],
            [
              100.4217921,
              -0.4689334
            ],
            [
              100.4217672,
              -0.468936
            ],
            [
              100.4217499,
              -0.4689395
            ],
            [
              100.4217143,
              -0.4689441
            ],
            [
              100.421644,
              -0.4689476
            ],
            [
              100.421605,
              -0.4689497
            ],
            [
              100.4215758,
              -0.4689476
            ],
            [
              100.4215422,
              -0.4689403
            ],
            [
              100.4215087,
              -0.468933
            ],
            [
              100.4214902,
              -0.4689257
            ],
            [
              100.4214647,
              -0.4689099
            ],
            [
              100.4214443,
              -0.4688934
            ],
            [
              100.4214389,
              -0.4688891
            ],
            [
              100.4214078,
              -0.4688558
            ],
            [
              100.4213875,
              -0.4688443
            ],
            [
              100.4213766,
              -0.4688601
            ],
            [
              100.4213196,
              -0.4688788
            ],
            [
              100.4212697,
              -0.4688845
            ],
            [
              100.4212283,
              -0.4688768
            ],
            [
              100.421157,
              -0.4688648
            ],
            [
              100.4210887,
              -0.4688768
            ],
            [
              100.4209817,
              -0.4689516
            ],
            [
              100.4209134,
              -0.4690055
            ],
            [
              100.4208777,
              -0.4691012
            ],
            [
              100.4208659,
              -0.4691849
            ],
            [
              100.4208005,
              -0.4692268
            ],
            [
              100.4207084,
              -0.4692538
            ],
            [
              100.4206549,
              -0.4692747
            ],
            [
              100.4206163,
              -0.4693136
            ],
            [
              100.4205777,
              -0.4693645
            ],
            [
              100.4205509,
              -0.4694094
            ],
            [
              100.4205064,
              -0.4694333
            ],
            [
              100.420438,
              -0.4694722
            ],
            [
              100.4203727,
              -0.4694573
            ],
            [
              100.4202984,
              -0.4693974
            ],
            [
              100.4202211,
              -0.4693197
            ],
            [
              100.4200933,
              -0.4692778
            ],
            [
              100.4200012,
              -0.4692629
            ],
            [
              100.419924,
              -0.4692509
            ],
            [
              100.4198675,
              -0.469251
            ],
            [
              100.4197813,
              -0.4692599
            ],
            [
              100.4196833,
              -0.4692659
            ],
            [
              100.4195823,
              -0.4692899
            ],
            [
              100.4195317,
              -0.4692809
            ],
            [
              100.419505,
              -0.469257
            ],
            [
              100.4194961,
              -0.4692092
            ],
            [
              100.4194901,
              -0.4691792
            ],
            [
              100.4194782,
              -0.4691344
            ],
            [
              100.4194634,
              -0.4691045
            ],
            [
              100.4194069,
              -0.4690536
            ],
            [
              100.4193712,
              -0.4690118
            ],
            [
              100.4193326,
              -0.4689789
            ],
            [
              100.4192969,
              -0.4689848
            ],
            [
              100.4192702,
              -0.4689759
            ],
            [
              100.4192256,
              -0.4689609
            ],
            [
              100.419187,
              -0.468946
            ],
            [
              100.41908,
              -0.468931
            ],
            [
              100.4190503,
              -0.4689101
            ],
            [
              100.4189998,
              -0.4688982
            ],
            [
              100.4189404,
              -0.4689071
            ],
            [
              100.4189072,
              -0.4689223
            ],
            [
              100.4188453,
              -0.4689431
            ],
            [
              100.418774,
              -0.468976
            ],
            [
              100.4187086,
              -0.4689909
            ],
            [
              100.4186343,
              -0.4689999
            ],
            [
              100.4185511,
              -0.4690089
            ],
            [
              100.4184858,
              -0.4689701
            ],
            [
              100.4184086,
              -0.4689328
            ],
            [
              100.4183732,
              -0.4689358
            ],
            [
              100.4183223,
              -0.4689821
            ],
            [
              100.4182867,
              -0.4690329
            ],
            [
              100.4182867,
              -0.4690688
            ],
            [
              100.418251,
              -0.4690898
            ],
            [
              100.4182243,
              -0.4690479
            ],
            [
              100.4182213,
              -0.469015
            ],
            [
              100.4182267,
              -0.468948
            ],
            [
              100.4182421,
              -0.4689222
            ],
            [
              100.4181529,
              -0.4688714
            ],
            [
              100.4181826,
              -0.4688445
            ],
            [
              100.4180905,
              -0.4687757
            ],
            [
              100.4180133,
              -0.4689313
            ],
            [
              100.4180074,
              -0.4689851
            ],
            [
              100.4179399,
              -0.4689897
            ],
            [
              100.4178852,
              -0.4689443
            ],
            [
              100.4178234,
              -0.4689036
            ],
            [
              100.4177568,
              -0.4688893
            ],
            [
              100.4176927,
              -0.4688653
            ],
            [
              100.417676,
              -0.468851
            ],
            [
              100.4176118,
              -0.4688127
            ],
            [
              100.4175762,
              -0.4687984
            ],
            [
              100.4175357,
              -0.4687744
            ],
            [
              100.4174787,
              -0.4687577
            ],
            [
              100.4174098,
              -0.4687721
            ],
            [
              100.4173313,
              -0.4687817
            ],
            [
              100.4171721,
              -0.4687793
            ],
            [
              100.4170722,
              -0.4687961
            ],
            [
              100.417058,
              -0.4688128
            ],
            [
              100.417077,
              -0.4688607
            ],
            [
              100.4170889,
              -0.468887
            ],
            [
              100.417058,
              -0.4689014
            ],
            [
              100.4169986,
              -0.4689349
            ],
            [
              100.4169724,
              -0.4689445
            ],
            [
              100.4169106,
              -0.468966
            ],
            [
              100.4168203,
              -0.4689636
            ],
            [
              100.4167252,
              -0.4689589
            ],
            [
              100.4166848,
              -0.4689445
            ],
            [
              100.4166776,
              -0.4689062
            ],
            [
              100.4166586,
              -0.468899
            ],
            [
              100.4166325,
              -0.4688871
            ],
            [
              100.4166134,
              -0.4688488
            ],
            [
              100.4166111,
              -0.4688105
            ],
            [
              100.4165992,
              -0.4687579
            ],
            [
              100.4165873,
              -0.4687292
            ],
            [
              100.4165635,
              -0.46871
            ],
            [
              100.4165421,
              -0.4687004
            ],
            [
              100.4165183,
              -0.4686622
            ],
            [
              100.4165088,
              -0.4686406
            ],
            [
              100.4165064,
              -0.4685976
            ],
            [
              100.4164874,
              -0.4685569
            ],
            [
              100.4164494,
              -0.468533
            ],
            [
              100.4164066,
              -0.4685042
            ],
            [
              100.4163614,
              -0.4684947
            ],
            [
              100.4163247,
              -0.4684932
            ],
            [
              100.4162943,
              -0.4684989
            ],
            [
              100.4162467,
              -0.4684779
            ],
            [
              100.4162182,
              -0.4684549
            ],
            [
              100.4162125,
              -0.4684396
            ],
            [
              100.4162182,
              -0.4684185
            ],
            [
              100.4162239,
              -0.4683955
            ],
            [
              100.4162239,
              -0.4683707
            ],
            [
              100.4162239,
              -0.4683534
            ],
            [
              100.4162277,
              -0.4683304
            ],
            [
              100.4162378,
              -0.4683128
            ],
            [
              100.4162378,
              -0.4682889
            ],
            [
              100.4162069,
              -0.4682841
            ],
            [
              100.4161878,
              -0.4682674
            ],
            [
              100.4161712,
              -0.4682363
            ],
            [
              100.4161593,
              -0.4682195
            ],
            [
              100.4161498,
              -0.4681932
            ],
            [
              100.4161189,
              -0.4681549
            ],
            [
              100.4160785,
              -0.4681214
            ],
            [
              100.4160099,
              -0.4680786
            ],
            [
              100.4160044,
              -0.4680652
            ],
            [
              100.4159887,
              -0.4680322
            ],
            [
              100.4159658,
              -0.4680035
            ],
            [
              100.4159359,
              -0.467969
            ],
            [
              100.415866,
              -0.467949
            ],
            [
              100.4158146,
              -0.4679447
            ],
            [
              100.4157804,
              -0.467926
            ],
            [
              100.4157619,
              -0.4679002
            ],
            [
              100.4157533,
              -0.4678657
            ],
            [
              100.4157447,
              -0.4678399
            ],
            [
              100.4157433,
              -0.4678054
            ],
            [
              100.415749,
              -0.4677594
            ],
            [
              100.4157604,
              -0.4677135
            ],
            [
              100.415662,
              -0.4676977
            ],
            [
              100.4156249,
              -0.4677221
            ],
            [
              100.4156087,
              -0.467759
            ],
            [
              100.4155755,
              -0.4678021
            ],
            [
              100.4155279,
              -0.4678332
            ],
            [
              100.4154471,
              -0.4678595
            ],
            [
              100.4154257,
              -0.4678811
            ],
            [
              100.4154091,
              -0.4679529
            ],
            [
              100.4153972,
              -0.4680007
            ],
            [
              100.4152356,
              -0.4679984
            ],
            [
              100.4152094,
              -0.4679074
            ],
            [
              100.4151975,
              -0.4678524
            ],
            [
              100.4152023,
              -0.4678117
            ],
            [
              100.415226,
              -0.4677304
            ],
            [
              100.4152403,
              -0.4676897
            ],
            [
              100.4152426,
              -0.4676346
            ],
            [
              100.4152331,
              -0.4675724
            ],
            [
              100.4152022,
              -0.4675365
            ],
            [
              100.4151689,
              -0.4675485
            ],
            [
              100.4151309,
              -0.4675533
            ],
            [
              100.4150881,
              -0.4675437
            ],
            [
              100.4150596,
              -0.4675294
            ],
            [
              100.4149788,
              -0.467582
            ],
            [
              100.4149265,
              -0.4676012
            ],
            [
              100.4148552,
              -0.4675964
            ],
            [
              100.4148171,
              -0.4675773
            ],
            [
              100.4147934,
              -0.4675294
            ],
            [
              100.414772,
              -0.4674959
            ],
            [
              100.4147344,
              -0.4674871
            ],
            [
              100.4145333,
              -0.4674996
            ],
            [
              100.4145238,
              -0.4674901
            ],
            [
              100.414511,
              -0.4674827
            ],
            [
              100.4144972,
              -0.4674771
            ],
            [
              100.41448,
              -0.467472
            ],
            [
              100.4144629,
              -0.4674691
            ],
            [
              100.4144486,
              -0.4674693
            ],
            [
              100.4144254,
              -0.4674691
            ],
            [
              100.4144157,
              -0.4674691
            ],
            [
              100.4143997,
              -0.4674706
            ],
            [
              100.4143798,
              -0.4674728
            ],
            [
              100.4143428,
              -0.4674755
            ],
            [
              100.4143074,
              -0.4674735
            ],
            [
              100.4143007,
              -0.4674727
            ],
            [
              100.4142843,
              -0.4674726
            ],
            [
              100.4142711,
              -0.4674731
            ],
            [
              100.4141883,
              -0.4674663
            ],
            [
              100.4141652,
              -0.467466
            ],
            [
              100.4141458,
              -0.467467
            ],
            [
              100.4141061,
              -0.4674682
            ],
            [
              100.4140782,
              -0.4674725
            ],
            [
              100.4140596,
              -0.467475
            ],
            [
              100.4140429,
              -0.4674763
            ],
            [
              100.4140115,
              -0.4674796
            ],
            [
              100.4139979,
              -0.4674804
            ],
            [
              100.4139822,
              -0.4674794
            ],
            [
              100.4139663,
              -0.4674777
            ],
            [
              100.4139523,
              -0.4674753
            ],
            [
              100.4139347,
              -0.4674705
            ],
            [
              100.4139176,
              -0.4674633
            ],
            [
              100.4138582,
              -0.4674367
            ],
            [
              100.4138471,
              -0.4674298
            ],
            [
              100.4138336,
              -0.4674181
            ],
            [
              100.4138228,
              -0.4674081
            ],
            [
              100.4138106,
              -0.467396
            ],
            [
              100.4137987,
              -0.467381
            ],
            [
              100.413787,
              -0.4673609
            ],
            [
              100.4137765,
              -0.4673415
            ],
            [
              100.4137385,
              -0.4672609
            ],
            [
              100.4136987,
              -0.4671835
            ],
            [
              100.4136879,
              -0.4671602
            ],
            [
              100.4136819,
              -0.467143
            ],
            [
              100.4136783,
              -0.4671171
            ],
            [
              100.4136797,
              -0.4670932
            ],
            [
              100.4136838,
              -0.4670633
            ],
            [
              100.4136877,
              -0.4670326
            ],
            [
              100.4136885,
              -0.4670091
            ],
            [
              100.4136857,
              -0.466986
            ],
            [
              100.4136805,
              -0.4669646
            ],
            [
              100.4136646,
              -0.4669325
            ],
            [
              100.4136538,
              -0.4669204
            ],
            [
              100.4136417,
              -0.4669123
            ],
            [
              100.4136268,
              -0.4669024
            ],
            [
              100.4136155,
              -0.4668926
            ],
            [
              100.4136093,
              -0.4668836
            ],
            [
              100.413604,
              -0.4668712
            ],
            [
              100.4136012,
              -0.4668516
            ],
            [
              100.4136001,
              -0.4668336
            ],
            [
              100.4135998,
              -0.4668181
            ],
            [
              100.4135964,
              -0.4668016
            ],
            [
              100.4135897,
              -0.4667859
            ],
            [
              100.4135773,
              -0.4667661
            ],
            [
              100.4135753,
              -0.4667115
            ],
            [
              100.4135734,
              -0.4666962
            ],
            [
              100.4135772,
              -0.4666732
            ],
            [
              100.4135943,
              -0.4666503
            ],
            [
              100.4136438,
              -0.4666234
            ],
            [
              100.4137214,
              -0.4665987
            ],
            [
              100.4135781,
              -0.4663103
            ],
            [
              100.4134089,
              -0.4659698
            ],
            [
              100.4133574,
              -0.4658689
            ],
            [
              100.4132753,
              -0.465766
            ],
            [
              100.4131982,
              -0.4656865
            ],
            [
              100.413125,
              -0.4656454
            ],
            [
              100.4130613,
              -0.4656243
            ],
            [
              100.4129719,
              -0.4656167
            ],
            [
              100.4128226,
              -0.4656359
            ],
            [
              100.4127219,
              -0.4656512
            ],
            [
              100.4126268,
              -0.4656685
            ],
            [
              100.4125507,
              -0.4656752
            ],
            [
              100.4124575,
              -0.4656637
            ],
            [
              100.4122151,
              -0.465635
            ],
            [
              100.4120292,
              -0.4656199
            ],
            [
              100.4118395,
              -0.4655984
            ],
            [
              100.4116184,
              -0.465551
            ],
            [
              100.411358,
              -0.465484
            ],
            [
              100.4110918,
              -0.4654247
            ],
            [
              100.4110233,
              -0.465419
            ],
            [
              100.4108198,
              -0.4654286
            ],
            [
              100.4105612,
              -0.4654421
            ],
            [
              100.4100611,
              -0.4654804
            ],
            [
              100.409545,
              -0.465551
            ],
            [
              100.4093353,
              -0.4656257
            ],
            [
              100.4094395,
              -0.4657546
            ],
            [
              100.4096083,
              -0.4659317
            ],
            [
              100.4097367,
              -0.4660824
            ],
            [
              100.4098794,
              -0.4662571
            ],
            [
              100.4099412,
              -0.4663863
            ],
            [
              100.4099935,
              -0.4665131
            ],
            [
              100.4100126,
              -0.4666351
            ],
            [
              100.4099318,
              -0.4666734
            ],
            [
              100.4098034,
              -0.4667046
            ],
            [
              100.4098255,
              -0.4668531
            ],
            [
              100.4098123,
              -0.4670532
            ],
            [
              100.4098066,
              -0.4671796
            ],
            [
              100.4098047,
              -0.4672409
            ],
            [
              100.4098062,
              -0.4672858
            ],
            [
              100.4098123,
              -0.467327
            ],
            [
              100.4098333,
              -0.4673538
            ],
            [
              100.4098466,
              -0.4674419
            ],
            [
              100.4098466,
              -0.4675223
            ],
            [
              100.4098618,
              -0.467595
            ],
            [
              100.409898,
              -0.4676295
            ],
            [
              100.4099417,
              -0.4676582
            ],
            [
              100.409995,
              -0.4676888
            ],
            [
              100.410033,
              -0.4677041
            ],
            [
              100.4100958,
              -0.4677481
            ],
            [
              100.4101205,
              -0.4677845
            ],
            [
              100.4101566,
              -0.4678343
            ],
            [
              100.4101623,
              -0.4678783
            ],
            [
              100.4101567,
              -0.4679855
            ],
            [
              100.4101529,
              -0.4680429
            ],
            [
              100.4102194,
              -0.4681099
            ],
            [
              100.4102898,
              -0.4681827
            ],
            [
              100.4103564,
              -0.4682229
            ],
            [
              100.4103925,
              -0.468265
            ],
            [
              100.4104534,
              -0.4683186
            ],
            [
              100.4104933,
              -0.4683626
            ],
            [
              100.410617,
              -0.46842
            ],
            [
              100.4105694,
              -0.4685578
            ],
            [
              100.4104858,
              -0.4686976
            ],
            [
              100.4105257,
              -0.468757
            ],
            [
              100.4107559,
              -0.4688124
            ],
            [
              100.4108319,
              -0.4688258
            ],
            [
              100.4108376,
              -0.4688507
            ],
            [
              100.4108396,
              -0.468889
            ],
            [
              100.4108243,
              -0.468933
            ],
            [
              100.4108167,
              -0.4689579
            ],
            [
              100.4108206,
              -0.4690039
            ],
            [
              100.4108225,
              -0.4690307
            ],
            [
              100.4108377,
              -0.4690747
            ],
            [
              100.4108491,
              -0.4690957
            ],
            [
              100.4108719,
              -0.469134
            ],
            [
              100.4108948,
              -0.4691627
            ],
            [
              100.4109252,
              -0.4691876
            ],
            [
              100.4109499,
              -0.4692144
            ],
            [
              100.4109765,
              -0.4692412
            ],
            [
              100.4110279,
              -0.4692718
            ],
            [
              100.4110545,
              -0.4693063
            ],
            [
              100.4110716,
              -0.4693407
            ],
            [
              100.4111116,
              -0.4694097
            ],
            [
              100.4111363,
              -0.4694556
            ],
            [
              100.4111763,
              -0.4695111
            ],
            [
              100.4111877,
              -0.4695896
            ],
            [
              100.4111877,
              -0.4696738
            ],
            [
              100.4111991,
              -0.4697466
            ],
            [
              100.411203,
              -0.4697849
            ],
            [
              100.4112049,
              -0.4698232
            ],
            [
              100.4112049,
              -0.4698557
            ],
            [
              100.4112201,
              -0.4698825
            ],
            [
              100.41126,
              -0.4699112
            ],
            [
              100.4113019,
              -0.4699227
            ],
            [
              100.4113323,
              -0.4699361
            ],
            [
              100.4113684,
              -0.469961
            ],
            [
              100.411397,
              -0.4700222
            ],
            [
              100.4114122,
              -0.4700739
            ],
            [
              100.4114217,
              -0.4701084
            ],
            [
              100.4114293,
              -0.4701179
            ],
            [
              100.4114578,
              -0.4701428
            ],
            [
              100.4114674,
              -0.4701696
            ],
            [
              100.4114712,
              -0.4702041
            ],
            [
              100.4114693,
              -0.4702577
            ],
            [
              100.4114294,
              -0.4703477
            ],
            [
              100.4114047,
              -0.4704032
            ],
            [
              100.4113952,
              -0.4704644
            ],
            [
              100.4113876,
              -0.4704874
            ],
            [
              100.4113782,
              -0.4704951
            ],
            [
              100.4112743,
              -0.4704719
            ],
            [
              100.4112828,
              -0.4705066
            ],
            [
              100.4112956,
              -0.4705253
            ],
            [
              100.4113199,
              -0.4705468
            ],
            [
              100.4113456,
              -0.4705698
            ],
            [
              100.4113556,
              -0.4705755
            ],
            [
              100.4113655,
              -0.4705956
            ],
            [
              100.4113684,
              -0.4706157
            ],
            [
              100.4113541,
              -0.4706344
            ],
            [
              100.4113313,
              -0.4706459
            ],
            [
              100.4113156,
              -0.4706574
            ],
            [
              100.4113057,
              -0.4706789
            ],
            [
              100.4113014,
              -0.4707162
            ],
            [
              100.4113028,
              -0.4707607
            ],
            [
              100.4113128,
              -0.4708081
            ],
            [
              100.4113171,
              -0.4708627
            ],
            [
              100.4113071,
              -0.470923
            ],
            [
              100.4112886,
              -0.4709704
            ],
            [
              100.4112558,
              -0.4710149
            ],
            [
              100.4112302,
              -0.4710695
            ],
            [
              100.4112251,
              -0.4710865
            ],
            [
              100.4112381,
              -0.4711541
            ],
            [
              100.4112738,
              -0.4712008
            ],
            [
              100.4113594,
              -0.4712438
            ],
            [
              100.4114485,
              -0.4712546
            ],
            [
              100.4114984,
              -0.4712761
            ],
            [
              100.4115448,
              -0.4713227
            ],
            [
              100.4116054,
              -0.4714017
            ],
            [
              100.4116839,
              -0.471513
            ],
            [
              100.411716,
              -0.4715847
            ],
            [
              100.4117517,
              -0.4716852
            ],
            [
              100.4118159,
              -0.4717857
            ],
            [
              100.4119835,
              -0.471976
            ],
            [
              100.4120156,
              -0.4720693
            ],
            [
              100.411834,
              -0.472133
            ],
            [
              100.4118608,
              -0.472157
            ],
            [
              100.4119083,
              -0.4721959
            ],
            [
              100.411947,
              -0.4722258
            ],
            [
              100.4119915,
              -0.4722706
            ],
            [
              100.4120331,
              -0.4723155
            ],
            [
              100.4120569,
              -0.4723544
            ],
            [
              100.4121164,
              -0.4724381
            ],
            [
              100.4122323,
              -0.472477
            ],
            [
              100.4123244,
              -0.4725069
            ],
            [
              100.4123927,
              -0.4725457
            ],
            [
              100.4124641,
              -0.4725846
            ],
            [
              100.4125057,
              -0.4726055
            ],
            [
              100.4125294,
              -0.4726504
            ],
            [
              100.4125592,
              -0.4726863
            ],
            [
              100.4125978,
              -0.4727072
            ],
            [
              100.4126453,
              -0.4727162
            ],
            [
              100.4126869,
              -0.4727341
            ],
            [
              100.4128563,
              -0.4727969
            ],
            [
              100.4129098,
              -0.4728627
            ],
            [
              100.4130138,
              -0.4729285
            ],
            [
              100.4130941,
              -0.4730122
            ],
            [
              100.4131767,
              -0.4731119
            ],
            [
              100.4132694,
              -0.4732698
            ],
            [
              100.4133291,
              -0.4733355
            ],
            [
              100.4133636,
              -0.473369
            ],
            [
              100.4133838,
              -0.4733894
            ],
            [
              100.4133957,
              -0.4734073
            ],
            [
              100.4133945,
              -0.4734241
            ],
            [
              100.4133909,
              -0.4734456
            ],
            [
              100.4133909,
              -0.47346
            ],
            [
              100.4133945,
              -0.4734707
            ],
            [
              100.4134088,
              -0.4734779
            ],
            [
              100.4134325,
              -0.4734839
            ],
            [
              100.413473,
              -0.4735066
            ],
            [
              100.4134872,
              -0.4735221
            ],
            [
              100.4135003,
              -0.4735389
            ],
            [
              100.4135122,
              -0.4735604
            ],
            [
              100.4135181,
              -0.4735664
            ],
            [
              100.4135265,
              -0.473576
            ],
            [
              100.4135395,
              -0.4735867
            ],
            [
              100.4135526,
              -0.4735999
            ],
            [
              100.4135633,
              -0.4736131
            ],
            [
              100.4135743,
              -0.4736178
            ]
          ]
        ]
      },
      "id": "relation/17857399"
    }
  ]
}